{
  "metadata": {
    "created_at": "2025-10-25T10:04:35.312174",
    "input_file": "../data_collection/judging/human/data.csv",
    "model_type": "logistic_regression",
    "total_records": 603,
    "series_range": "5-12",
    "contestants": 90
  },
  "model_performance": {
    "second_half_review_accuracy": 0.9281767955801105,
    "second_half_review_count": 362
  },
  "correlations": {
    "Signature Bake": 0.4437145464987271,
    "Signature Flavor": 0.22508528375338918,
    "Signature Looks": 0.4123638884322151,
    "Signature Handshake": 0.30840033311532955,
    "Tech_Normalized": 0.4831855377681383,
    "Showstopper Bake": 0.5795150649511707,
    "Showstopper Flavor": 0.4391462792816894,
    "Showstopper Looks": 0.5754463356864031,
    "Showstopper Handshake": 0.1203233194058271,
    "First Two Total": 0.5831317097523996,
    "Showstopper Total": 0.725426905008771
  },
  "individual_weights": {
    "signature_bake": 0.6913224502760441,
    "signature_flavor": 0.24028824912620697,
    "signature_looks": 0.8158141869348983,
    "signature_handshake": 0.6140607654715843,
    "tech_normalized": 3.176003713844082,
    "showstopper_bake": 1.0503690311291674,
    "showstopper_flavor": 1.3624634526359138,
    "showstopper_looks": 1.4108756334875754,
    "showstopper_handshake": 0.18815718536760664
  },
  "component_groups": {
    "signature_total": 2.3614856518087337,
    "tech_weight": 3.176003713844082,
    "showstopper_total": 4.011865302620263
  },
  "traditional_ratios": {
    "first_two_bakes": 5.5374893656528155,
    "showstopper": 4.011865302620263,
    "showstopper_vs_first_two": 0.7244917394342127
  }
}